Timestamp;Agent Implementation;World Name ;Level Number;Collectibles Collected;Collectibles to Catch;Passed Level?;Elapsed Game Time (s);Time Limit (s);Elapsed Real Time (s);Score;Endgame Message
2022-10-06_19:57:13;GeometryFriendsAgents;GF-CoG 2022 - Cooperation Track;1;0;1;0;120,000005699694;120;12,001;0;
2022-10-06_19:57:25;GeometryFriendsAgents;GF-CoG 2022 - Cooperation Track;1;0;1;0;129,800006165169;120;12,099;0;
2022-10-06_19:57:27;GeometryFriendsAgents;GF-CoG 2022 - Cooperation Track;1;0;1;0;120,000005699694;120;1,737;0;
2022-10-06_19:57:28;GeometryFriendsAgents;GF-CoG 2022 - Cooperation Track;1;0;1;0;120,000005699694;120;3,435;0;
2022-10-06_19:57:29;GeometryFriendsAgents;GF-CoG 2022 - Cooperation Track;1;0;1;0;120,000005699694;120;2,059;0;
2022-10-06_19:57:30;GeometryFriendsAgents;GF-CoG 2022 - Cooperation Track;1;0;1;0;120,000005699694;120;1,81;0;
2022-10-06_19:57:32;GeometryFriendsAgents;GF-CoG 2022 - Cooperation Track;1;0;1;0;120,000005699694;120;3,169;0;
2022-10-06_19:57:32;GeometryFriendsAgents;GF-CoG 2022 - Cooperation Track;1;0;1;0;120,000005699694;120;1,957;0;
2022-10-06_19:57:34;GeometryFriendsAgents;GF-CoG 2022 - Cooperation Track;1;0;1;0;120,000005699694;120;2,134;0;
2022-10-06_19:57:35;GeometryFriendsAgents;GF-CoG 2022 - Cooperation Track;1;0;1;0;120,000005699694;120;2,272;0;
2022-10-06_19:57:37;GeometryFriendsAgents;GF-CoG 2022 - Cooperation Track;1;0;1;0;120,000005699694;120;2,977;0;
2022-10-06_19:57:38;GeometryFriendsAgents;GF-CoG 2022 - Cooperation Track;1;0;1;0;120,000005699694;120;2,896;0;
2022-10-06_19:57:39;GeometryFriendsAgents;GF-CoG 2022 - Cooperation Track;1;0;1;0;120,000005699694;120;2,31;0;
2022-10-06_19:57:40;GeometryFriendsAgents;GF-CoG 2022 - Cooperation Track;1;0;1;0;120,000005699694;120;2,798;0;
2022-10-06_19:57:43;GeometryFriendsAgents;GF-CoG 2022 - Cooperation Track;1;0;1;0;120,000005699694;120;2,203;0;
2022-10-06_19:57:43;GeometryFriendsAgents;GF-CoG 2022 - Cooperation Track;1;0;1;0;120,000005699694;120;3,889;0;
2022-10-06_19:57:45;GeometryFriendsAgents;GF-CoG 2022 - Cooperation Track;1;0;1;0;120,000005699694;120;2,118;0;
2022-10-06_19:57:45;GeometryFriendsAgents;GF-CoG 2022 - Cooperation Track;1;0;1;0;120,000005699694;120;2,414;0;
2022-10-06_19:57:47;GeometryFriendsAgents;GF-CoG 2022 - Cooperation Track;1;0;1;0;120,000005699694;120;2,105;0;
2022-10-06_19:57:48;GeometryFriendsAgents;GF-CoG 2022 - Cooperation Track;1;0;1;0;120,000005699694;120;2,677;0;
2022-10-06_19:57:49;GeometryFriendsAgents;GF-CoG 2022 - Cooperation Track;2;1;5;0;120,000005699694;120;2,414;100;
2022-10-06_19:57:52;GeometryFriendsAgents;GF-CoG 2022 - Cooperation Track;2;1;5;0;120,000005699694;120;2,086;100;
2022-10-06_19:57:54;GeometryFriendsAgents;GF-CoG 2022 - Cooperation Track;2;2;5;0;120,000005699694;120;2,014;200;
2022-10-06_19:57:56;GeometryFriendsAgents;GF-CoG 2022 - Cooperation Track;2;0;5;0;120,000005699694;120;2,032;0;
2022-10-06_19:57:57;GeometryFriendsAgents;GF-CoG 2022 - Cooperation Track;2;1;5;0;120,000005699694;120;1,652;100;
2022-10-06_19:57:59;GeometryFriendsAgents;GF-CoG 2022 - Cooperation Track;2;2;5;0;120,000005699694;120;2,047;200;
2022-10-06_19:58:01;GeometryFriendsAgents;GF-CoG 2022 - Cooperation Track;2;2;5;0;120,000005699694;120;1,979;200;
2022-10-06_19:58:03;GeometryFriendsAgents;GF-CoG 2022 - Cooperation Track;2;2;5;0;120,000005699694;120;1,987;200;
2022-10-06_19:58:05;GeometryFriendsAgents;GF-CoG 2022 - Cooperation Track;2;2;5;0;120,000005699694;120;1,982;200;
2022-10-06_19:58:07;GeometryFriendsAgents;GF-CoG 2022 - Cooperation Track;2;2;5;0;120,000005699694;120;1,956;200;
2022-10-06_19:58:09;GeometryFriendsAgents;GF-CoG 2022 - Cooperation Track;3;0;1;0;120,000005699694;120;1,895;0;
2022-10-06_19:58:11;GeometryFriendsAgents;GF-CoG 2022 - Cooperation Track;3;0;1;0;120,000005699694;120;2,132;0;
2022-10-06_19:58:13;GeometryFriendsAgents;GF-CoG 2022 - Cooperation Track;3;0;1;0;120,000005699694;120;2,02;0;
2022-10-06_19:58:15;GeometryFriendsAgents;GF-CoG 2022 - Cooperation Track;3;0;1;0;120,000005699694;120;2,082;0;
2022-10-06_19:58:18;GeometryFriendsAgents;GF-CoG 2022 - Cooperation Track;3;0;1;0;120,000005699694;120;2,068;0;
2022-10-06_19:58:19;GeometryFriendsAgents;GF-CoG 2022 - Cooperation Track;3;0;1;0;120,000005699694;120;1,508;0;
2022-10-06_19:58:21;GeometryFriendsAgents;GF-CoG 2022 - Cooperation Track;3;0;1;0;120,000005699694;120;1,646;0;
2022-10-06_19:58:23;GeometryFriendsAgents;GF-CoG 2022 - Cooperation Track;3;0;1;0;120,000005699694;120;2,059;0;
2022-10-06_19:58:25;GeometryFriendsAgents;GF-CoG 2022 - Cooperation Track;3;0;1;0;120,000005699694;120;2,082;0;
2022-10-06_19:58:27;GeometryFriendsAgents;GF-CoG 2022 - Cooperation Track;3;0;1;0;120,000005699694;120;2,165;0;
2022-10-06_19:58:29;GeometryFriendsAgents;GF-CoG 2022 - Cooperation Track;4;0;3;0;120,000005699694;120;2,371;0;
2022-10-06_19:58:33;GeometryFriendsAgents;GF-CoG 2022 - Cooperation Track;4;1;3;0;120,000005699694;120;3,408;100;
2022-10-06_19:58:37;GeometryFriendsAgents;GF-CoG 2022 - Cooperation Track;4;0;3;0;120,000005699694;120;3,804;0;
2022-10-06_19:58:39;GeometryFriendsAgents;GF-CoG 2022 - Cooperation Track;4;0;3;0;120,000005699694;120;2,619;0;
2022-10-06_19:58:42;GeometryFriendsAgents;GF-CoG 2022 - Cooperation Track;4;0;3;0;120,000005699694;120;2,445;0;
2022-10-06_19:58:46;GeometryFriendsAgents;GF-CoG 2022 - Cooperation Track;4;1;3;0;120,000005699694;120;3,895;100;
2022-10-06_19:58:47;GeometryFriendsAgents;GF-CoG 2022 - Cooperation Track;4;0;3;0;120,000005699694;120;1,875;0;
2022-10-06_19:58:49;GeometryFriendsAgents;GF-CoG 2022 - Cooperation Track;4;1;3;0;120,000005699694;120;1,958;100;
2022-10-06_19:58:52;GeometryFriendsAgents;GF-CoG 2022 - Cooperation Track;4;0;3;0;120,000005699694;120;2,995;0;
2022-10-06_19:58:54;GeometryFriendsAgents;GF-CoG 2022 - Cooperation Track;4;0;3;0;120,000005699694;120;1,956;0;
2022-10-06_19:58:56;GeometryFriendsAgents;GF-CoG 2022 - Cooperation Track;5;0;2;0;120,000005699694;120;1,682;0;
2022-10-06_19:58:59;GeometryFriendsAgents;GF-CoG 2022 - Cooperation Track;5;0;2;0;120,000005699694;120;2,975;0;
2022-10-06_19:59:02;GeometryFriendsAgents;GF-CoG 2022 - Cooperation Track;5;0;2;0;120,000005699694;120;2,616;0;
2022-10-06_19:59:04;GeometryFriendsAgents;GF-CoG 2022 - Cooperation Track;5;0;2;0;120,000005699694;120;2,021;0;
2022-10-06_19:59:06;GeometryFriendsAgents;GF-CoG 2022 - Cooperation Track;5;0;2;0;120,000005699694;120;2,054;0;
2022-10-06_19:59:10;GeometryFriendsAgents;GF-CoG 2022 - Cooperation Track;5;0;2;0;120,000005699694;120;4,084;0;
2022-10-06_19:59:11;GeometryFriendsAgents;GF-CoG 2022 - Cooperation Track;5;0;2;0;120,000005699694;120;1,419;0;
2022-10-06_19:59:15;GeometryFriendsAgents;GF-CoG 2022 - Cooperation Track;5;0;2;0;120,000005699694;120;3,744;0;
2022-10-06_19:59:17;GeometryFriendsAgents;GF-CoG 2022 - Cooperation Track;5;0;2;0;120,000005699694;120;2,489;0;
2022-10-06_19:59:21;GeometryFriendsAgents;GF-CoG 2022 - Cooperation Track;5;0;2;0;120,000005699694;120;3,536;0;
2022-10-06_19:59:23;GeometryFriendsAgents;GF-CoG 2022 - Cooperation Track;6;0;2;0;120,000005699694;120;2,419;0;
2022-10-06_19:59:25;GeometryFriendsAgents;GF-CoG 2022 - Cooperation Track;6;1;2;0;120,000005699694;120;1,65;100;
2022-10-06_19:59:28;GeometryFriendsAgents;GF-CoG 2022 - Cooperation Track;6;0;2;0;120,000005699694;120;2,848;0;
2022-10-06_19:59:29;GeometryFriendsAgents;GF-CoG 2022 - Cooperation Track;6;0;2;0;120,000005699694;120;1,559;0;
2022-10-06_19:59:31;GeometryFriendsAgents;GF-CoG 2022 - Cooperation Track;6;1;2;0;120,000005699694;120;1,923;100;
2022-10-06_19:59:33;GeometryFriendsAgents;GF-CoG 2022 - Cooperation Track;6;1;2;0;120,000005699694;120;1,895;100;
2022-10-06_19:59:35;GeometryFriendsAgents;GF-CoG 2022 - Cooperation Track;6;0;2;0;120,000005699694;120;1,333;0;
2022-10-06_19:59:36;GeometryFriendsAgents;GF-CoG 2022 - Cooperation Track;6;0;2;0;120,000005699694;120;1,466;0;
2022-10-06_19:59:38;GeometryFriendsAgents;GF-CoG 2022 - Cooperation Track;6;1;2;0;120,000005699694;120;1,764;100;
2022-10-06_19:59:40;GeometryFriendsAgents;GF-CoG 2022 - Cooperation Track;6;1;2;0;120,000005699694;120;1,915;100;
2022-10-06_19:59:42;GeometryFriendsAgents;GF-CoG 2022 - Cooperation Track;7;0;3;0;120,000005699694;120;1,684;0;
2022-10-06_19:59:44;GeometryFriendsAgents;GF-CoG 2022 - Cooperation Track;7;0;3;0;120,000005699694;120;2,007;0;
2022-10-06_19:59:45;GeometryFriendsAgents;GF-CoG 2022 - Cooperation Track;7;0;3;0;120,000005699694;120;1,958;0;
2022-10-06_19:59:48;GeometryFriendsAgents;GF-CoG 2022 - Cooperation Track;7;0;3;0;120,000005699694;120;2,568;0;
2022-10-06_19:59:51;GeometryFriendsAgents;GF-CoG 2022 - Cooperation Track;7;0;3;0;120,000005699694;120;2,549;0;
2022-10-06_19:59:53;GeometryFriendsAgents;GF-CoG 2022 - Cooperation Track;7;0;3;0;120,000005699694;120;1,991;0;
2022-10-06_19:59:56;GeometryFriendsAgents;GF-CoG 2022 - Cooperation Track;7;0;3;0;120,000005699694;120;3,439;0;
2022-10-06_19:59:59;GeometryFriendsAgents;GF-CoG 2022 - Cooperation Track;7;0;3;0;120,000005699694;120;3,024;0;
2022-10-06_20:00:01;GeometryFriendsAgents;GF-CoG 2022 - Cooperation Track;7;0;3;0;120,000005699694;120;2,003;0;
2022-10-06_20:00:03;GeometryFriendsAgents;GF-CoG 2022 - Cooperation Track;7;0;3;0;120,000005699694;120;1,968;0;
2022-10-06_20:00:05;GeometryFriendsAgents;GF-CoG 2022 - Cooperation Track;8;1;8;0;120,000005699694;120;2,213;100;
2022-10-06_20:00:09;GeometryFriendsAgents;GF-CoG 2022 - Cooperation Track;8;0;8;0;120,000005699694;120;4,081;0;
2022-10-06_20:00:13;GeometryFriendsAgents;GF-CoG 2022 - Cooperation Track;8;0;8;0;120,000005699694;120;3,913;0;
2022-10-06_20:00:17;GeometryFriendsAgents;GF-CoG 2022 - Cooperation Track;8;0;8;0;120,000005699694;120;3,61;0;
2022-10-06_20:00:19;GeometryFriendsAgents;GF-CoG 2022 - Cooperation Track;8;0;8;0;120,000005699694;120;2,286;0;
2022-10-06_20:00:22;GeometryFriendsAgents;GF-CoG 2022 - Cooperation Track;8;0;8;0;120,000005699694;120;3,175;0;
2022-10-06_20:00:25;GeometryFriendsAgents;GF-CoG 2022 - Cooperation Track;8;0;8;0;120,000005699694;120;2,256;0;
2022-10-06_20:00:27;GeometryFriendsAgents;GF-CoG 2022 - Cooperation Track;8;1;8;0;120,000005699694;120;2,133;100;
2022-10-06_20:00:29;GeometryFriendsAgents;GF-CoG 2022 - Cooperation Track;8;1;8;0;120,000005699694;120;1,89;100;
2022-10-06_20:00:33;GeometryFriendsAgents;GF-CoG 2022 - Cooperation Track;8;0;8;0;120,000005699694;120;4,147;0;
2022-10-06_20:00:35;GeometryFriendsAgents;GF-CoG 2022 - Cooperation Track;9;3;4;0;120,000005699694;120;1,871;300;
2022-10-06_20:00:36;GeometryFriendsAgents;GF-CoG 2022 - Cooperation Track;9;2;4;0;120,000005699694;120;1,417;200;
2022-10-06_20:00:38;GeometryFriendsAgents;GF-CoG 2022 - Cooperation Track;9;2;4;0;120,000005699694;120;1,854;200;
2022-10-06_20:00:40;GeometryFriendsAgents;GF-CoG 2022 - Cooperation Track;9;0;4;0;120,000005699694;120;2,096;0;
2022-10-06_20:00:42;GeometryFriendsAgents;GF-CoG 2022 - Cooperation Track;9;1;4;0;120,000005699694;120;2,087;100;
2022-10-06_20:00:44;GeometryFriendsAgents;GF-CoG 2022 - Cooperation Track;9;2;4;0;120,000005699694;120;1,837;200;
2022-10-06_20:00:45;GeometryFriendsAgents;GF-CoG 2022 - Cooperation Track;9;2;4;0;120,000005699694;120;1,375;200;
2022-10-06_20:00:47;GeometryFriendsAgents;GF-CoG 2022 - Cooperation Track;9;1;4;0;120,000005699694;120;1,892;100;
2022-10-06_20:00:49;GeometryFriendsAgents;GF-CoG 2022 - Cooperation Track;9;1;4;0;120,000005699694;120;2,065;100;
2022-10-06_20:00:51;GeometryFriendsAgents;GF-CoG 2022 - Cooperation Track;9;2;4;0;120,000005699694;120;2,049;200;
2022-10-06_20:00:53;GeometryFriendsAgents;GF-CoG 2022 - Cooperation Track;10;0;1;0;120,000005699694;120;1,436;0;
2022-10-06_20:00:55;GeometryFriendsAgents;GF-CoG 2022 - Cooperation Track;10;0;1;0;120,000005699694;120;2,627;0;
2022-10-06_20:00:57;GeometryFriendsAgents;GF-CoG 2022 - Cooperation Track;10;0;1;0;120,000005699694;120;1,848;0;
2022-10-06_20:01:00;GeometryFriendsAgents;GF-CoG 2022 - Cooperation Track;10;0;1;0;120,000005699694;120;2,961;0;
2022-10-06_20:01:02;GeometryFriendsAgents;GF-CoG 2022 - Cooperation Track;10;0;1;0;120,000005699694;120;1,856;0;
2022-10-06_20:01:04;GeometryFriendsAgents;GF-CoG 2022 - Cooperation Track;10;0;1;0;120,000005699694;120;2,02;0;
2022-10-06_20:01:06;GeometryFriendsAgents;GF-CoG 2022 - Cooperation Track;10;0;1;0;120,000005699694;120;1,928;0;
2022-10-06_20:01:09;GeometryFriendsAgents;GF-CoG 2022 - Cooperation Track;10;0;1;0;120,000005699694;120;2,439;0;
2022-10-06_20:01:10;GeometryFriendsAgents;GF-CoG 2022 - Cooperation Track;10;0;1;0;120,000005699694;120;1,336;0;
2022-10-06_20:01:12;GeometryFriendsAgents;GF-CoG 2022 - Cooperation Track;10;0;1;0;120,000005699694;120;1,907;0;
2022-10-07_16:24:01;GeometryFriendsAgents;GF-CoG 2022 - Cooperation Track;1;0;1;0;120,000005699694;120;11,989;0;
2022-10-07_16:24:16;GeometryFriendsAgents;GF-CoG 2022 - Cooperation Track;1;0;1;0;120,000005699694;120;11,989;0;
2022-10-07_16:24:29;GeometryFriendsAgents;GF-CoG 2022 - Cooperation Track;1;0;1;0;120,000005699694;120;12,005;0;
2022-10-07_16:24:42;GeometryFriendsAgents;GF-CoG 2022 - Cooperation Track;1;0;1;0;120,000005699694;120;11,978;0;
2022-10-07_16:24:56;GeometryFriendsAgents;GF-CoG 2022 - Cooperation Track;1;0;1;0;120,000005699694;120;11,983;0;
2022-10-07_16:25:08;GeometryFriendsAgents;GF-CoG 2022 - Cooperation Track;1;0;1;0;120,000005699694;120;11,995;0;
2022-10-07_16:25:22;GeometryFriendsAgents;GF-CoG 2022 - Cooperation Track;1;0;1;0;120,000005699694;120;11,999;0;
2022-10-07_16:25:35;GeometryFriendsAgents;GF-CoG 2022 - Cooperation Track;1;0;1;0;120,000005699694;120;11,991;0;
2022-10-07_16:25:47;GeometryFriendsAgents;GF-CoG 2022 - Cooperation Track;1;0;1;0;120,000005699694;120;11,998;0;
2022-10-07_16:26:00;GeometryFriendsAgents;GF-CoG 2022 - Cooperation Track;1;0;1;0;120,000005699694;120;11,996;0;
2022-10-07_16:26:13;GeometryFriendsAgents;GF-CoG 2022 - Cooperation Track;1;0;1;0;120,000005699694;120;11,991;0;
2022-10-07_16:26:26;GeometryFriendsAgents;GF-CoG 2022 - Cooperation Track;1;0;1;0;120,000005699694;120;12,002;0;
2022-10-07_16:26:39;GeometryFriendsAgents;GF-CoG 2022 - Cooperation Track;1;0;1;0;120,000005699694;120;11,983;0;
2022-10-07_16:26:52;GeometryFriendsAgents;GF-CoG 2022 - Cooperation Track;1;0;1;0;120,000005699694;120;11,983;0;
2022-10-07_16:27:30;GeometryFriendsAgents;GF-CoG 2022 - Cooperation Track;1;0;1;0;120,000005699694;120;11,997;0;
2022-10-07_16:27:42;GeometryFriendsAgents;GF-CoG 2022 - Cooperation Track;1;0;1;0;120,000005699694;120;11,998;0;
2022-10-07_16:27:54;GeometryFriendsAgents;GF-CoG 2022 - Cooperation Track;1;0;1;0;120,000005699694;120;12,004;0;
2022-10-07_16:28:06;GeometryFriendsAgents;GF-CoG 2022 - Cooperation Track;1;0;1;0;120,000005699694;120;12,017;0;
2022-10-07_16:28:26;GeometryFriendsAgents;GF-CoG 2022 - Cooperation Track;1;0;1;0;120,000005699694;120;2,409;0;
2022-10-07_16:28:28;GeometryFriendsAgents;GF-CoG 2022 - Cooperation Track;1;0;1;0;120,000005699694;120;2,426;0;
2022-10-07_16:28:32;GeometryFriendsAgents;GF-CoG 2022 - Cooperation Track;1;0;1;0;120,000005699694;120;3,509;0;
2022-10-07_16:28:33;GeometryFriendsAgents;GF-CoG 2022 - Cooperation Track;1;0;1;0;120,000005699694;120;1,882;0;
2022-10-07_16:28:36;GeometryFriendsAgents;GF-CoG 2022 - Cooperation Track;1;0;1;0;120,000005699694;120;2,409;0;
2022-10-07_16:28:38;GeometryFriendsAgents;GF-CoG 2022 - Cooperation Track;1;0;1;0;120,000005699694;120;2,403;0;
2022-10-07_16:28:41;GeometryFriendsAgents;GF-CoG 2022 - Cooperation Track;1;0;1;0;120,000005699694;120;2,463;0;
2022-10-07_16:28:43;GeometryFriendsAgents;GF-CoG 2022 - Cooperation Track;1;0;1;0;120,000005699694;120;2,355;0;
2022-10-07_16:28:45;GeometryFriendsAgents;GF-CoG 2022 - Cooperation Track;1;0;1;0;120,000005699694;120;2,41;0;
2022-10-07_16:28:48;GeometryFriendsAgents;GF-CoG 2022 - Cooperation Track;1;0;1;0;120,000005699694;120;2,412;0;
2022-10-07_16:28:50;GeometryFriendsAgents;GF-CoG 2022 - Cooperation Track;1;0;1;0;120,000005699694;120;2,414;0;
2022-10-07_16:28:53;GeometryFriendsAgents;GF-CoG 2022 - Cooperation Track;1;0;1;0;120,000005699694;120;2,645;0;
2022-10-07_16:28:56;GeometryFriendsAgents;GF-CoG 2022 - Cooperation Track;1;0;1;0;120,000005699694;120;2,673;0;
2022-10-07_16:28:58;GeometryFriendsAgents;GF-CoG 2022 - Cooperation Track;1;0;1;0;120,000005699694;120;2,806;0;
2022-10-07_16:29:01;GeometryFriendsAgents;GF-CoG 2022 - Cooperation Track;1;0;1;0;120,000005699694;120;2,41;0;
2022-10-07_16:29:03;GeometryFriendsAgents;GF-CoG 2022 - Cooperation Track;1;0;1;0;120,000005699694;120;2,408;0;
2022-10-07_16:29:07;GeometryFriendsAgents;GF-CoG 2022 - Cooperation Track;1;0;1;0;120,000005699694;120;3,263;0;
2022-10-07_16:29:09;GeometryFriendsAgents;GF-CoG 2022 - Cooperation Track;1;0;1;0;120,000005699694;120;2,075;0;
2022-10-07_16:29:11;GeometryFriendsAgents;GF-CoG 2022 - Cooperation Track;1;0;1;0;120,000005699694;120;2,4;0;
2022-10-07_16:29:14;GeometryFriendsAgents;GF-CoG 2022 - Cooperation Track;1;0;1;0;120,000005699694;120;3,337;0;
2022-10-07_16:30:35;GeometryFriendsAgents;GF-CoG 2022 - Cooperation Track;2;2;5;0;120,000005699694;120;2,417;200;
2022-10-07_16:30:38;GeometryFriendsAgents;GF-CoG 2022 - Cooperation Track;2;1;5;0;120,000005699694;120;2,375;100;
2022-10-07_16:30:40;GeometryFriendsAgents;GF-CoG 2022 - Cooperation Track;2;2;5;0;120,000005699694;120;2,442;200;
2022-10-07_16:30:42;GeometryFriendsAgents;GF-CoG 2022 - Cooperation Track;2;2;5;0;120,000005699694;120;2,384;200;
2022-10-07_16:30:45;GeometryFriendsAgents;GF-CoG 2022 - Cooperation Track;2;0;5;0;120,000005699694;120;2,412;0;
2022-10-07_16:30:47;GeometryFriendsAgents;GF-CoG 2022 - Cooperation Track;2;0;5;0;120,000005699694;120;2,424;0;
2022-10-07_16:30:50;GeometryFriendsAgents;GF-CoG 2022 - Cooperation Track;2;2;5;0;120,000005699694;120;2,401;200;
2022-10-07_16:30:52;GeometryFriendsAgents;GF-CoG 2022 - Cooperation Track;2;0;5;0;120,000005699694;120;2,393;0;
2022-10-07_16:30:54;GeometryFriendsAgents;GF-CoG 2022 - Cooperation Track;2;0;5;0;120,000005699694;120;2,412;0;
2022-10-07_16:30:57;GeometryFriendsAgents;GF-CoG 2022 - Cooperation Track;2;0;5;0;120,000005699694;120;2,427;0;
2022-10-07_16:30:59;GeometryFriendsAgents;GF-CoG 2022 - Cooperation Track;2;0;5;0;120,000005699694;120;2,41;0;
2022-10-07_16:31:02;GeometryFriendsAgents;GF-CoG 2022 - Cooperation Track;2;2;5;0;120,000005699694;120;2,384;200;
2022-10-07_16:31:04;GeometryFriendsAgents;GF-CoG 2022 - Cooperation Track;2;2;5;0;120,000005699694;120;2,412;200;
2022-10-07_16:31:07;GeometryFriendsAgents;GF-CoG 2022 - Cooperation Track;2;0;5;0;120,000005699694;120;2,442;0;
2022-10-07_19:30:18;AgentsWithPrediction;GF-CoG 2022 - Cooperation Track;1;0;1;0;120,000005699694;120;11,99;0;
2022-10-07_19:30:30;RapidlyExploringRandomTreeAgents;GF-CoG 2022 - Cooperation Track;1;0;1;0;120,000005699694;120;12,006;0;
2022-10-07_19:31:29;RandomAgents;GF-CoG 2022 - Cooperation Track;1;1;1;1;32,8200015588664;120;29,43;245;
2022-10-07_19:31:38;AgentsWithPrediction;GF-CoG 2022 - Cooperation Track;1;0;1;0;120,030005701119;120;41,273;0;
2022-10-07_19:31:38;GeometryFriendsAgents;GF-CoG 2022 - Cooperation Track;1;0;1;0;120,090005703969;120;38,924;0;
2022-10-07_19:31:38;RapidlyExploringRandomTreeAgents;GF-CoG 2022 - Cooperation Track;1;0;1;0;120,040005701594;120;37,51;0;
2022-10-07_19:32:29;AgentsWithPrediction;GF-CoG 2022 - Cooperation Track;1;0;1;0;120,000005699694;120;23,985;0;
2022-10-07_19:32:41;RandomAgents;GF-CoG 2022 - Cooperation Track;1;1;1;1;22,1000010496937;120;4,426;263;
2022-10-07_19:33:35;AgentsWithPrediction;GF-CoG 2022 - Cooperation Track;1;1;1;1;89,0000042272732;120;19,794;152;
2022-10-07_19:34:08;GeometryFriendsAgents;GF-CoG 2022 - Cooperation Track;1;0;1;0;120,000005699694;120;23,98;0;
2022-10-07_19:34:33;GeometryFriendsAgents;GF-CoG 2022 - Cooperation Track;1;0;1;0;120,000005699694;120;24,011;0;
2022-10-07_19:35:02;RapidlyExploringRandomTreeAgents;GF-CoG 2022 - Cooperation Track;1;0;1;0;120,000005699694;120;24,015;0;
2022-10-07_19:36:30;SubGoalAStarAgents;GF-CoG 2022 - Cooperation Track;1;0;1;0;120,000005699694;120;23,984;0;
2022-10-07_19:37:51;ReinforcementLearningAgents;GF 2015 Coop Track;1;0;4;0;90,0000042747706;90;18,009;0;
2022-10-07_19:37:58;ReinforcementLearningAgents;GF 2015 Coop Track;2;1;2;0;30,0000014249235;30;6,013;100;
2022-10-07_19:38:10;ReinforcementLearningAgents;GF 2015 Coop Track;3;0;3;0;60,0000028498471;60;11,996;0;
2022-10-07_19:38:52;RapidlyExploringRandomTreeAgents;GF 2015 Coop Track;1;1;4;0;30,0000014249235;30;29,988;100;
2022-10-07_19:39:24;RapidlyExploringRandomTreeAgents;GF 2015 Coop Track;2;1;2;0;60,0000028498471;60;60,007;100;
2022-10-08_12:16:21;AgentsWithPrediction;AlfaCircleLevels;1;1;2;0;15,0000007124618;15;2,993;100;
2022-10-08_12:16:22;AgentsWithPrediction;AlfaCircleLevels;2;1;1;1;2,85000013536774;15;0,579;262;
2022-10-08_12:16:25;AgentsWithPrediction;AlfaCircleLevels;3;3;3;1;16,6500007908326;45;3,335;426;
2022-10-08_12:16:27;AgentsWithPrediction;AlfaCircleLevels;4;2;2;1;7,1000003372319;25;1,412;343;
2022-10-08_12:16:29;AgentsWithPrediction;AlfaCircleLevels;5;3;3;1;11,0500005248468;25;2,188;412;
2022-10-08_12:16:32;AgentsWithPrediction;AlfaCircleLevels;6;1;2;0;15,0000007124618;15;3,008;100;
2022-10-08_12:16:35;AgentsWithPrediction;AlfaCircleLevels;7;0;1;0;15,0000007124618;15;3,003;0;
2022-10-08_12:16:38;AgentsWithPrediction;AlfaCircleLevels;8;1;2;0;15,0000007124618;15;2,993;100;
2022-10-08_12:16:41;AgentsWithPrediction;AlfaCircleLevels;9;0;1;0;15,0000007124618;15;3,006;0;
2022-10-08_12:16:46;AgentsWithPrediction;AlfaCircleLevels;10;2;4;0;25,0000011874363;25;4,989;200;
2022-10-08_12:16:49;AgentsWithPrediction;AlfaCircleLevels;11;1;2;0;15,0000007124618;15;2,993;100;
2022-10-08_12:16:52;AgentsWithPrediction;AlfaCircleLevels;12;3;3;1;13,0000006174669;25;2,609;396;
2022-10-08_12:16:55;AgentsWithPrediction;AlfaCircleLevels;13;1;2;0;15,0000007124618;15;3,003;100;
2022-10-08_12:16:58;AgentsWithPrediction;AlfaCircleLevels;14;0;1;0;15,0000007124618;15;3,005;0;
2022-10-08_12:17:01;AgentsWithPrediction;AlfaCircleLevels;15;1;2;0;15,0000007124618;15;2,997;100;
2022-10-08_12:17:04;AgentsWithPrediction;AlfaCircleLevels;16;0;1;0;15,0000007124618;15;2,982;0;
2022-10-08_12:17:09;AgentsWithPrediction;AlfaCircleLevels;17;3;4;0;25,0000011874363;25;4,999;300;
2022-10-08_12:17:12;AgentsWithPrediction;AlfaCircleLevels;18;0;2;0;15,0000007124618;15;2,98;0;
2022-10-08_12:17:15;AgentsWithPrediction;AlfaSquareLevels;1;1;2;0;15,0000007124618;15;3,008;100;
2022-10-08_12:17:18;AgentsWithPrediction;AlfaSquareLevels;2;0;1;0;15,0000007124618;15;3,002;0;
2022-10-08_12:17:27;AgentsWithPrediction;AlfaSquareLevels;3;2;3;0;45,0000021373853;45;8,997;200;
2022-10-08_12:17:32;AgentsWithPrediction;AlfaSquareLevels;4;1;2;0;25,0000011874363;25;5,013;100;
2022-10-08_12:17:37;AgentsWithPrediction;AlfaSquareLevels;5;2;3;0;25,0000011874363;25;4,985;200;
2022-10-08_12:17:41;AgentsWithPrediction;AlfaSquareLevels;6;1;2;0;15,0000007124618;15;3,006;100;
2022-10-08_12:17:44;AgentsWithPrediction;AlfaSquareLevels;7;0;1;0;15,0000007124618;15;2,983;0;
2022-10-08_12:17:46;AgentsWithPrediction;AlfaSquareLevels;8;2;2;1;13,0500006198417;15;2,619;226;
2022-10-08_12:17:47;AgentsWithPrediction;AlfaSquareLevels;9;1;1;1;1,90000009024516;15;0,371;275;
2022-10-08_12:17:52;AgentsWithPrediction;AlfaSquareLevels;10;2;4;0;25,0000011874363;25;4,984;200;
2022-10-08_12:17:55;AgentsWithPrediction;AlfaSquareLevels;11;1;2;0;15,0000007124618;15;2,997;100;
2022-10-08_12:18:00;AgentsWithPrediction;AlfaSquareLevels;12;1;3;0;25,0000011874363;25;4,992;100;
2022-10-08_12:18:03;AgentsWithPrediction;AlfaSquareLevels;13;1;2;0;15,0000007124618;15;3,007;100;
2022-10-08_12:18:06;AgentsWithPrediction;AlfaSquareLevels;14;0;1;0;15,0000007124618;15;2,983;0;
2022-10-08_12:18:09;AgentsWithPrediction;AlfaSquareLevels;15;1;2;0;15,0000007124618;15;2,985;100;
2022-10-08_12:18:12;AgentsWithPrediction;AlfaSquareLevels;16;0;1;0;15,0000007124618;15;2,979;0;
2022-10-08_12:18:17;AgentsWithPrediction;AlfaSquareLevels;17;1;4;0;25,0000011874363;25;5,003;100;
2022-10-08_12:18:20;AgentsWithPrediction;AlfaSquareLevels;18;1;2;0;15,0000007124618;15;3,004;100;
2022-10-09_12:16:18;RapidlyExploringRandomTreeAgents;Circle 2014 Competition;1;2;2;1;5,60000026598573;20;1,114;344;
2022-10-09_12:16:22;RapidlyExploringRandomTreeAgents;Circle 2014 Competition;2;0;3;0;20,000000949949;20;3,991;0;
2022-10-09_12:16:31;RapidlyExploringRandomTreeAgents;Circle 2014 Competition;2;0;3;0;45,0000021373853;45;8,999;0;
2022-10-09_12:17:10;RapidlyExploringRandomTreeAgents;Cooperative 2014 Competition;1;0;3;0;90,0000042747706;90;18,003;0;
2022-10-09_12:17:28;RapidlyExploringRandomTreeAgents;Cooperative 2014 Competition;2;1;3;0;90,0000042747706;90;18,003;100;
2022-10-09_12:17:35;RapidlyExploringRandomTreeAgents;Cooperative 2014 Competition;3;1;2;0;35,0000016624108;35;7,004;100;
2022-10-09_12:17:57;RapidlyExploringRandomTreeAgents;Cooperative 2014 Competition;4;0;5;0;110,00000522472;110;22,001;0;
2022-10-09_12:18:17;RapidlyExploringRandomTreeAgents;Cooperative 2014 Competition;5;0;4;0;100,000004749745;100;19,998;0;
2022-10-09_12:24:08;SubGoalAStarAgents;GF 2015 Rectangle Track;1;3;3;1;14,9500007100869;30;2,986;400;
2022-10-09_12:24:20;SubGoalAStarAgents;GF 2015 Rectangle Track;2;0;3;0;60,0000028498471;60;12,001;0;
2022-10-09_12:24:46;SubGoalAStarAgents;GF 2015 Rectangle Track;4;3;4;0;90,0000042747706;90;17,99;300;
2022-10-09_12:25:12;SubGoalAStarAgents;GF 2015 Rectangle Track;1;3;3;1;15,1000007172115;30;3,016;399;
2022-10-09_12:25:16;SubGoalAStarAgents;GF 2015 Rectangle Track;1;3;3;1;16,5500007860828;30;3,302;390;
2022-10-09_12:25:28;SubGoalAStarAgents;GF 2015 Rectangle Track;2;0;3;0;60,0000028498471;60;11,985;0;
2022-10-09_12:25:40;SubGoalAStarAgents;GF 2015 Rectangle Track;2;0;3;0;60,0000028498471;60;11,993;0;
2022-10-09_12:25:52;SubGoalAStarAgents;GF 2015 Rectangle Track;3;1;3;0;60,0000028498471;60;11,995;100;
2022-10-09_12:26:04;SubGoalAStarAgents;GF 2015 Rectangle Track;3;1;3;0;60,0000028498471;60;12,007;100;
2022-10-09_12:26:22;SubGoalAStarAgents;GF 2015 Rectangle Track;4;3;4;0;90,0000042747706;90;18,007;300;
2022-10-09_12:26:55;SubGoalAStarAgents;GF 2015 Rectangle Track;5;0;4;0;90,0000042747706;90;18,004;0;
2022-10-09_12:27:13;SubGoalAStarAgents;GF 2015 Rectangle Track;5;0;4;0;90,0000042747706;90;18,005;0;
2022-10-09_12:27:30;SubGoalAStarAgents;GF 2015 Rectangle Track;1;3;3;1;15,0000007124618;30;3,011;400;
2022-10-09_12:27:42;SubGoalAStarAgents;GF 2015 Rectangle Track;2;0;3;0;60,0000028498471;60;11,992;0;
2022-10-09_12:27:54;SubGoalAStarAgents;GF 2015 Rectangle Track;3;1;3;0;60,0000028498471;60;12,005;100;
2022-10-09_12:28:12;SubGoalAStarAgents;GF 2015 Rectangle Track;4;3;4;0;90,0000042747706;90;18,004;300;
2022-10-09_12:31:24;SubGoalAStarAgents;Cooperative 2014 Competition;1;0;3;0;90,0000042747706;90;17,983;0;
2022-10-09_12:31:42;SubGoalAStarAgents;Cooperative 2014 Competition;2;1;3;0;90,0000042747706;90;18,006;100;
2022-10-09_12:31:49;SubGoalAStarAgents;Cooperative 2014 Competition;3;0;2;0;35,0000016624108;35;7,011;0;
2022-10-09_12:32:11;SubGoalAStarAgents;Cooperative 2014 Competition;4;0;5;0;110,00000522472;110;22,013;0;
2022-10-09_12:32:49;RapidlyExploringRandomTreeAgents;Cooperative 2014 Competition;1;0;3;0;90,0000042747706;90;18,008;0;
2022-10-09_12:33:07;RapidlyExploringRandomTreeAgents;Cooperative 2014 Competition;2;1;3;0;90,0000042747706;90;17,992;100;
2022-10-09_12:33:14;RapidlyExploringRandomTreeAgents;Cooperative 2014 Competition;3;1;2;0;35,0000016624108;35;7,004;100;
2022-10-09_12:33:36;RapidlyExploringRandomTreeAgents;Cooperative 2014 Competition;4;0;5;0;110,00000522472;110;21,992;0;
2022-10-09_12:33:56;RapidlyExploringRandomTreeAgents;Cooperative 2014 Competition;5;0;4;0;100,000004749745;100;20,002;0;
2022-10-09_12:45:29;SubGoalAStarAgents;GF-CoG 2019 - Rectangle Track;4;3;3;1;50,5500024009962;120;10,125;416;
2022-10-09_12:45:37;SubGoalAStarAgents;GF-CoG 2019 - Rectangle Track;4;3;3;1;38,7000018381514;120;7,738;435;
2022-10-09_12:46:07;SubGoalAStarAgents;GF-CoG 2019 - Rectangle Track;6;3;3;1;67,3500031989533;120;13,48;388;
2022-10-09_12:46:19;SubGoalAStarAgents;GF-CoG 2019 - Rectangle Track;6;3;3;1;59,5000028260984;120;11,912;401;
2022-10-09_12:46:43;SubGoalAStarAgents;GF-CoG 2019 - Rectangle Track;7;1;2;0;120,000005699694;120;24,005;100;
2022-10-09_12:47:13;SubGoalAStarAgents;GF-CoG 2019 - Rectangle Track;8;0;2;0;120,000005699694;120;23,997;0;
2022-10-09_12:47:42;SubGoalAStarAgents;GF-CoG 2019 - Rectangle Track;9;0;3;0;120,000005699694;120;23,997;0;
2022-10-09_12:48:09;SubGoalAStarAgents;GF-CoG 2019 - Rectangle Track;10;0;2;0;120,000005699694;120;24,004;0;
2023-03-22_11:23:39;RapidlyExploringRandomTreeAgents;Rectangle2014;1;2;2;1;21,1600010050461;40;21,165;294;
2023-03-22_11:23:44;RapidlyExploringRandomTreeAgents;Rectangle2014;2;2;2;1;4,79000022751279;25;4,781;362;
2023-03-22_11:24:26;RapidlyExploringRandomTreeAgents;Rectangle2014;4;0;2;0;40,0000018998981;40;40,004;0;
2023-03-22_11:24:51;RapidlyExploringRandomTreeAgents;Rectangle2014;2;1;2;0;25,0000011874363;25;25,014;100;
2023-03-22_11:25:01;RapidlyExploringRandomTreeAgents;Rectangle2014;2;2;2;1;10,6600005063228;25;10,661;315;
2023-03-22_11:25:06;RapidlyExploringRandomTreeAgents;Rectangle2014;2;2;2;1;4,79000022751279;25;4,782;362;
2023-03-22_11:25:11;RapidlyExploringRandomTreeAgents;Rectangle2014;2;2;2;1;4,79000022751279;25;4,788;362;
2023-03-22_11:25:16;RapidlyExploringRandomTreeAgents;Rectangle2014;2;2;2;1;4,79000022751279;25;4,794;362;
2023-03-22_11:25:21;RapidlyExploringRandomTreeAgents;Rectangle2014;2;2;2;1;4,79000022751279;25;4,779;362;
2023-03-22_11:25:25;RapidlyExploringRandomTreeAgents;Rectangle2014;2;2;2;1;4,79000022751279;25;4,796;362;
2023-03-22_11:25:30;RapidlyExploringRandomTreeAgents;Rectangle2014;2;2;2;1;4,79000022751279;25;4,796;362;
2023-03-22_11:25:55;RapidlyExploringRandomTreeAgents;Rectangle2014;2;1;2;0;25,0000011874363;25;25,005;100;
2023-03-22_11:26:20;RapidlyExploringRandomTreeAgents;Rectangle2014;2;0;2;0;25,0000011874363;25;24,994;0;
2023-03-22_11:27:40;RapidlyExploringRandomTreeAgents;Rectangle2014;3;2;3;0;80,0000037997961;80;80,006;200;
2023-03-22_11:29:00;RapidlyExploringRandomTreeAgents;Rectangle2014;3;2;3;0;80,0000037997961;80;79,998;200;
2023-03-22_11:30:20;RapidlyExploringRandomTreeAgents;Rectangle2014;3;2;3;0;80,0000037997961;80;80;200;
2023-03-22_11:30:56;RapidlyExploringRandomTreeAgents;Rectangle2014;3;3;3;1;35,2200016728602;80;35,212;412;
2023-03-22_11:32:16;RapidlyExploringRandomTreeAgents;Rectangle2014;3;2;3;0;80,0000037997961;80;79,998;200;
2023-03-22_11:33:36;RapidlyExploringRandomTreeAgents;Rectangle2014;3;2;3;0;80,0000037997961;80;79,999;200;
2023-03-22_11:34:56;RapidlyExploringRandomTreeAgents;Rectangle2014;3;2;3;0;80,0000037997961;80;79,998;200;
2023-03-22_11:35:31;RapidlyExploringRandomTreeAgents;Rectangle2014;3;3;3;1;35,0100016628858;80;35,023;412;
2023-03-22_11:36:51;RapidlyExploringRandomTreeAgents;Rectangle2014;3;2;3;0;80,0000037997961;80;80,014;200;
2023-03-22_11:38:11;RapidlyExploringRandomTreeAgents;Rectangle2014;3;2;3;0;80,0000037997961;80;80,002;200;
2023-03-22_11:38:31;RapidlyExploringRandomTreeAgents;Rectangle2014;4;0;2;0;20,000000949949;20;20,002;0;
2023-03-22_11:38:51;RapidlyExploringRandomTreeAgents;Rectangle2014;4;0;2;0;20,000000949949;20;19,994;0;
2023-03-22_11:39:11;RapidlyExploringRandomTreeAgents;Rectangle2014;4;0;2;0;20,000000949949;20;20,002;0;
2023-03-22_11:39:31;RapidlyExploringRandomTreeAgents;Rectangle2014;4;0;2;0;20,000000949949;20;20,003;0;
2023-03-22_11:39:51;RapidlyExploringRandomTreeAgents;Rectangle2014;4;0;2;0;20,000000949949;20;20,011;0;
2023-03-22_11:40:11;RapidlyExploringRandomTreeAgents;Rectangle2014;4;0;2;0;20,000000949949;20;19,996;0;
2023-03-22_11:40:31;RapidlyExploringRandomTreeAgents;Rectangle2014;4;0;2;0;20,000000949949;20;20,015;0;
2023-03-22_11:40:51;RapidlyExploringRandomTreeAgents;Rectangle2014;4;0;2;0;20,000000949949;20;19,999;0;
2023-03-22_11:41:11;RapidlyExploringRandomTreeAgents;Rectangle2014;4;0;2;0;20,000000949949;20;20,003;0;
2023-03-22_11:41:31;RapidlyExploringRandomTreeAgents;Rectangle2014;4;0;2;0;20,000000949949;20;19,997;0;
2023-03-22_11:43:01;RapidlyExploringRandomTreeAgents;Rectangle2014;5;2;5;0;90,0000042747706;90;90,005;200;
2023-03-22_11:44:31;RapidlyExploringRandomTreeAgents;Rectangle2014;5;2;5;0;90,0000042747706;90;89,999;200;
2023-03-22_11:46:01;RapidlyExploringRandomTreeAgents;Rectangle2014;5;2;5;0;90,0000042747706;90;89,994;200;
2023-03-22_11:47:31;RapidlyExploringRandomTreeAgents;Rectangle2014;5;2;5;0;90,0000042747706;90;90,007;200;
2023-03-22_11:49:01;RapidlyExploringRandomTreeAgents;Rectangle2014;5;2;5;0;90,0000042747706;90;90,104;200;
2023-03-22_11:50:31;RapidlyExploringRandomTreeAgents;Rectangle2014;5;2;5;0;90,0000042747706;90;89,894;200;
2023-03-22_11:52:01;RapidlyExploringRandomTreeAgents;Rectangle2014;5;2;5;0;90,0000042747706;90;89,987;200;
2023-03-22_11:53:31;RapidlyExploringRandomTreeAgents;Rectangle2014;5;2;5;0;90,0000042747706;90;89,996;200;
2023-03-22_11:55:01;RapidlyExploringRandomTreeAgents;Rectangle2014;5;2;5;0;90,0000042747706;90;90,006;200;
2023-03-22_11:56:31;RapidlyExploringRandomTreeAgents;Rectangle2014;5;2;5;0;90,0000042747706;90;90,012;200;
2023-03-22_11:57:11;RapidlyExploringRandomTreeAgents;Rectangle2014;6;0;3;0;40,0000018998981;40;40,019;0;
2023-03-22_11:57:51;RapidlyExploringRandomTreeAgents;Rectangle2014;6;0;3;0;40,0000018998981;40;40,008;0;
2023-03-22_11:58:31;RapidlyExploringRandomTreeAgents;Rectangle2014;6;0;3;0;40,0000018998981;40;40,012;0;
2023-03-22_11:59:05;RapidlyExploringRandomTreeAgents;Rectangle2014;6;3;3;1;33,5600015940145;40;33,547;332;
2023-03-22_11:59:45;RapidlyExploringRandomTreeAgents;Rectangle2014;6;0;3;0;40,0000018998981;40;39,999;0;
2023-03-22_12:00:25;RapidlyExploringRandomTreeAgents;Rectangle2014;6;0;3;0;40,0000018998981;40;40,009;0;
2023-03-22_12:01:05;RapidlyExploringRandomTreeAgents;Rectangle2014;6;0;3;0;40,0000018998981;40;39,999;0;
2023-03-22_12:01:45;RapidlyExploringRandomTreeAgents;Rectangle2014;6;0;3;0;40,0000018998981;40;40,004;0;
2023-03-22_12:02:25;RapidlyExploringRandomTreeAgents;Rectangle2014;6;0;3;0;40,0000018998981;40;39,991;0;
2023-03-22_12:03:05;RapidlyExploringRandomTreeAgents;Rectangle2014;6;0;3;0;40,0000018998981;40;39,991;0;
2023-03-22_12:03:55;RapidlyExploringRandomTreeAgents;Rectangle2014;7;1;3;0;50,0000023748726;50;49,996;100;
2023-03-22_12:04:45;RapidlyExploringRandomTreeAgents;Rectangle2014;7;1;3;0;50,0000023748726;50;49,981;100;
2023-03-22_12:05:35;RapidlyExploringRandomTreeAgents;Rectangle2014;7;1;3;0;50,0000023748726;50;49,99;100;
2023-03-22_12:06:25;RapidlyExploringRandomTreeAgents;Rectangle2014;7;1;3;0;50,0000023748726;50;50,001;100;
2023-03-22_12:07:15;RapidlyExploringRandomTreeAgents;Rectangle2014;7;1;3;0;50,0000023748726;50;50,019;100;
2023-03-22_12:08:05;RapidlyExploringRandomTreeAgents;Rectangle2014;7;1;3;0;50,0000023748726;50;50,041;100;
2023-03-22_12:08:55;RapidlyExploringRandomTreeAgents;Rectangle2014;7;1;3;0;50,0000023748726;50;49,959;100;
2023-03-22_12:09:45;RapidlyExploringRandomTreeAgents;Rectangle2014;7;2;3;0;50,0000023748726;50;50,016;200;
2023-03-22_12:10:35;RapidlyExploringRandomTreeAgents;Rectangle2014;7;1;3;0;50,0000023748726;50;50,003;100;
2023-03-22_12:11:25;RapidlyExploringRandomTreeAgents;Rectangle2014;7;1;3;0;50,0000023748726;50;50,009;100;
2023-03-22_12:11:50;RapidlyExploringRandomTreeAgents;Rectangle2014;8;3;3;1;24,8400011798367;60;24,848;417;
2023-03-22_12:12:50;RapidlyExploringRandomTreeAgents;Rectangle2014;8;2;3;0;60,0000028498471;60;60,024;200;
2023-03-22_12:13:11;RapidlyExploringRandomTreeAgents;Rectangle2014;8;3;3;1;21,5300010226201;60;21,53;428;
2023-03-22_12:14:11;RapidlyExploringRandomTreeAgents;Rectangle2014;8;2;3;0;60,0000028498471;60;60,008;200;
2023-03-22_12:15:11;RapidlyExploringRandomTreeAgents;Rectangle2014;8;2;3;0;60,0000028498471;60;60,007;200;
2023-03-22_12:15:32;RapidlyExploringRandomTreeAgents;Rectangle2014;8;3;3;1;21,190001006471;60;21,19;429;
2023-03-22_12:16:32;RapidlyExploringRandomTreeAgents;Rectangle2014;8;2;3;0;60,0000028498471;60;59,988;200;
2023-03-22_12:17:32;RapidlyExploringRandomTreeAgents;Rectangle2014;8;2;3;0;60,0000028498471;60;60;200;
2023-03-22_12:17:51;RapidlyExploringRandomTreeAgents;Rectangle2014;8;3;3;1;18,6800008872524;60;18,693;438;
2023-03-22_12:18:51;RapidlyExploringRandomTreeAgents;Rectangle2014;8;2;3;0;60,0000028498471;60;60,017;200;
2023-03-22_12:19:00;RapidlyExploringRandomTreeAgents;Rectangle2014;9;3;3;1;8,73000041465275;35;8,731;450;
2023-03-22_12:19:08;RapidlyExploringRandomTreeAgents;Rectangle2014;9;3;3;1;8,05000038235448;35;8,053;454;
2023-03-22_12:19:16;RapidlyExploringRandomTreeAgents;Rectangle2014;9;3;3;1;8,06000038282946;35;8,067;454;
2023-03-22_12:19:24;RapidlyExploringRandomTreeAgents;Rectangle2014;9;3;3;1;8,06000038282946;35;8,058;454;
2023-03-22_12:19:33;RapidlyExploringRandomTreeAgents;Rectangle2014;9;3;3;1;8,45000040135346;35;8,444;452;
2023-03-22_12:20:08;RapidlyExploringRandomTreeAgents;Rectangle2014;9;2;3;0;35,0000016624108;35;35,002;200;
2023-03-22_12:20:16;RapidlyExploringRandomTreeAgents;Rectangle2014;9;3;3;1;8,06000038282946;35;8,051;454;
2023-03-22_12:20:51;RapidlyExploringRandomTreeAgents;Rectangle2014;9;2;3;0;35,0000016624108;35;34,992;200;
2023-03-22_12:20:59;RapidlyExploringRandomTreeAgents;Rectangle2014;9;3;3;1;8,06000038282946;35;8,055;454;
2023-03-22_12:21:07;RapidlyExploringRandomTreeAgents;Rectangle2014;9;3;3;1;8,06000038282946;35;8,073;454;
2023-03-22_12:21:42;RapidlyExploringRandomTreeAgents;Rectangle2014;10;0;3;0;35,0000016624108;35;34,999;0;
2023-03-22_12:22:17;RapidlyExploringRandomTreeAgents;Rectangle2014;10;0;3;0;35,0000016624108;35;34,999;0;
2023-03-22_12:22:52;RapidlyExploringRandomTreeAgents;Rectangle2014;10;0;3;0;35,0000016624108;35;35,01;0;
2023-03-22_12:23:27;RapidlyExploringRandomTreeAgents;Rectangle2014;10;0;3;0;35,0000016624108;35;35,012;0;
2023-03-22_12:24:02;RapidlyExploringRandomTreeAgents;Rectangle2014;10;0;3;0;35,0000016624108;35;35,001;0;
2023-03-22_12:24:37;RapidlyExploringRandomTreeAgents;Rectangle2014;10;0;3;0;35,0000016624108;35;34,999;0;
2023-03-22_12:25:12;RapidlyExploringRandomTreeAgents;Rectangle2014;10;0;3;0;35,0000016624108;35;34,986;0;
2023-03-22_12:25:47;RapidlyExploringRandomTreeAgents;Rectangle2014;10;0;3;0;35,0000016624108;35;34,996;0;
2023-03-22_12:26:22;RapidlyExploringRandomTreeAgents;Rectangle2014;10;0;3;0;35,0000016624108;35;34,982;0;
2023-03-22_12:26:57;RapidlyExploringRandomTreeAgents;Rectangle2014;10;0;3;0;35,0000016624108;35;34,992;0;
2023-03-22_12:47:52;SubGoalAStarAgents;Rectangle2014;1;1;2;0;40,0000018998981;40;40,008;100;
2023-03-22_12:48:32;SubGoalAStarAgents;Rectangle2014;1;1;2;0;40,0000018998981;40;39,979;100;
2023-03-22_12:48:46;SubGoalAStarAgents;Rectangle2014;1;2;2;1;13,2800006307662;40;13,289;334;
2023-03-22_12:48:59;SubGoalAStarAgents;Rectangle2014;1;2;2;1;13,3600006345659;40;13,351;333;
2023-03-22_12:49:12;SubGoalAStarAgents;Rectangle2014;1;2;2;1;13,1800006260164;40;13,182;334;
2023-03-22_12:49:26;SubGoalAStarAgents;Rectangle2014;1;2;2;1;14,1700006730389;40;14,181;329;
2023-03-22_12:49:40;SubGoalAStarAgents;Rectangle2014;1;2;2;1;13,8600006583147;40;13,862;331;
2023-03-22_12:49:53;SubGoalAStarAgents;Rectangle2014;1;2;2;1;13,0800006212667;40;13,098;335;
2023-03-22_12:50:07;SubGoalAStarAgents;Rectangle2014;1;2;2;1;13,9800006640144;40;13,974;330;
2023-03-22_12:50:47;SubGoalAStarAgents;Rectangle2014;1;1;2;0;40,0000018998981;40;39,985;100;
2023-03-22_12:50:54;SubGoalAStarAgents;Rectangle2014;2;2;2;1;7,05000033485703;25;7,046;344;
2023-03-22_12:51:02;SubGoalAStarAgents;Rectangle2014;2;2;2;1;7,88000037427992;25;7,865;337;
2023-03-22_12:51:09;SubGoalAStarAgents;Rectangle2014;2;2;2;1;7,02000033343211;25;7,002;344;
2023-03-22_12:51:16;SubGoalAStarAgents;Rectangle2014;2;2;2;1;7,04000033438206;25;7,038;344;
2023-03-22_12:51:23;SubGoalAStarAgents;Rectangle2014;2;2;2;1;6,98000033153221;25;6,986;344;
2023-03-22_12:51:30;SubGoalAStarAgents;Rectangle2014;2;2;2;1;7,03000033390708;25;7,005;344;
2023-03-22_12:51:37;SubGoalAStarAgents;Rectangle2014;2;2;2;1;7,05000033485703;25;7,039;344;
2023-03-22_12:51:45;SubGoalAStarAgents;Rectangle2014;2;2;2;1;7,01000033295713;25;7,026;344;
2023-03-22_12:51:52;SubGoalAStarAgents;Rectangle2014;2;2;2;1;6,99000033200718;25;6,991;344;
2023-03-22_12:51:58;SubGoalAStarAgents;Rectangle2014;2;2;2;1;6,97000033105724;25;6,958;344;
2023-03-22_12:53:19;SubGoalAStarAgents;Rectangle2014;3;1;3;0;80,0000037997961;80;80,04;100;
2023-03-22_12:54:39;SubGoalAStarAgents;Rectangle2014;3;1;3;0;80,0000037997961;80;79,99;100;
2023-03-22_12:55:59;SubGoalAStarAgents;Rectangle2014;3;1;3;0;80,0000037997961;80;80,003;100;
2023-03-22_12:57:19;SubGoalAStarAgents;Rectangle2014;3;1;3;0;80,0000037997961;80;80,003;100;
2023-03-22_12:58:39;SubGoalAStarAgents;Rectangle2014;3;1;3;0;80,0000037997961;80;80,017;100;
2023-03-22_12:59:59;SubGoalAStarAgents;Rectangle2014;3;1;3;0;80,0000037997961;80;80,004;100;
2023-03-22_13:01:19;SubGoalAStarAgents;Rectangle2014;3;1;3;0;80,0000037997961;80;80,017;100;
2023-03-22_13:01:45;SubGoalAStarAgents;Rectangle2014;3;3;3;1;26,8800012767315;80;26,873;433;
2023-03-22_13:03:05;SubGoalAStarAgents;Rectangle2014;3;1;3;0;80,0000037997961;80;79,996;100;
2023-03-22_13:04:26;SubGoalAStarAgents;Rectangle2014;3;1;3;0;80,0000037997961;80;79,993;100;
2023-03-22_13:04:46;SubGoalAStarAgents;Rectangle2014;4;0;2;0;20,000000949949;20;20,019;0;
2023-03-22_13:05:06;SubGoalAStarAgents;Rectangle2014;4;0;2;0;20,000000949949;20;19,986;0;
2023-03-22_13:05:26;SubGoalAStarAgents;Rectangle2014;4;0;2;0;20,000000949949;20;20,003;0;
2023-03-22_13:05:46;SubGoalAStarAgents;Rectangle2014;4;0;2;0;20,000000949949;20;20,003;0;
2023-03-22_13:06:06;SubGoalAStarAgents;Rectangle2014;4;0;2;0;20,000000949949;20;19,993;0;
2023-03-22_13:06:26;SubGoalAStarAgents;Rectangle2014;4;0;2;0;20,000000949949;20;20,009;0;
2023-03-22_13:06:46;SubGoalAStarAgents;Rectangle2014;4;0;2;0;20,000000949949;20;20,027;0;
2023-03-22_13:07:06;SubGoalAStarAgents;Rectangle2014;4;0;2;0;20,000000949949;20;20,002;0;
2023-03-22_13:07:26;SubGoalAStarAgents;Rectangle2014;4;1;2;0;20,000000949949;20;19,979;100;
2023-03-22_13:07:46;SubGoalAStarAgents;Rectangle2014;4;0;2;0;20,000000949949;20;19,991;0;
2023-03-22_13:09:16;SubGoalAStarAgents;Rectangle2014;5;3;5;0;90,0000042747706;90;90,018;300;
2023-03-22_13:10:46;SubGoalAStarAgents;Rectangle2014;5;3;5;0;90,0000042747706;90;90,008;300;
2023-03-22_13:12:16;SubGoalAStarAgents;Rectangle2014;5;3;5;0;90,0000042747706;90;90,004;300;
2023-03-22_13:13:46;SubGoalAStarAgents;Rectangle2014;5;2;5;0;90,0000042747706;90;90,015;200;
2023-03-22_13:15:16;SubGoalAStarAgents;Rectangle2014;5;3;5;0;90,0000042747706;90;89,989;300;
2023-03-22_13:16:46;SubGoalAStarAgents;Rectangle2014;5;3;5;0;90,0000042747706;90;90,049;300;
2023-03-22_13:18:16;SubGoalAStarAgents;Rectangle2014;5;2;5;0;90,0000042747706;90;89,937;200;
2023-03-22_13:19:46;SubGoalAStarAgents;Rectangle2014;5;3;5;0;90,0000042747706;90;90,004;300;
2023-03-22_13:21:16;SubGoalAStarAgents;Rectangle2014;5;2;5;0;90,0000042747706;90;89,99;200;
2023-03-22_13:22:46;SubGoalAStarAgents;Rectangle2014;5;2;5;0;90,0000042747706;90;89,94;200;
2023-03-22_13:23:07;SubGoalAStarAgents;Rectangle2014;6;3;3;1;20,7000009831972;40;20,713;396;
2023-03-22_13:23:47;SubGoalAStarAgents;Rectangle2014;6;1;3;0;40,0000018998981;40;40,022;100;
2023-03-22_13:24:27;SubGoalAStarAgents;Rectangle2014;6;2;3;0;40,0000018998981;40;40,003;200;
2023-03-22_13:25:07;SubGoalAStarAgents;Rectangle2014;6;1;3;0;40,0000018998981;40;39,985;100;
2023-03-22_13:25:26;SubGoalAStarAgents;Rectangle2014;6;3;3;1;18,8700008962769;40;18,876;406;
2023-03-22_13:25:48;SubGoalAStarAgents;Rectangle2014;6;3;3;1;22,750001080567;40;22,754;386;
2023-03-22_13:26:28;SubGoalAStarAgents;Rectangle2014;6;1;3;0;40,0000018998981;40;40,007;100;
2023-03-22_13:26:51;SubGoalAStarAgents;Rectangle2014;6;3;3;1;22,6600010762922;40;22,652;387;
2023-03-22_13:27:31;SubGoalAStarAgents;Rectangle2014;6;1;3;0;40,0000018998981;40;39,995;100;
2023-03-22_13:27:53;SubGoalAStarAgents;Rectangle2014;6;3;3;1;22,0800010487437;40;22,088;390;
2023-03-22_13:28:43;SubGoalAStarAgents;Rectangle2014;7;2;3;0;50,0000023748726;50;49,998;200;
2023-03-22_13:29:33;SubGoalAStarAgents;Rectangle2014;7;2;3;0;50,0000023748726;50;50,002;200;
2023-03-22_13:30:23;SubGoalAStarAgents;Rectangle2014;7;2;3;0;50,0000023748726;50;50,01;200;
2023-03-22_13:31:13;SubGoalAStarAgents;Rectangle2014;7;2;3;0;50,0000023748726;50;50,006;200;
2023-03-22_13:32:03;SubGoalAStarAgents;Rectangle2014;7;2;3;0;50,0000023748726;50;50,006;200;
2023-03-22_13:32:53;SubGoalAStarAgents;Rectangle2014;7;2;3;0;50,0000023748726;50;49,993;200;
2023-03-22_13:33:43;SubGoalAStarAgents;Rectangle2014;7;2;3;0;50,0000023748726;50;50,007;200;
2023-03-22_13:34:33;SubGoalAStarAgents;Rectangle2014;7;2;3;0;50,0000023748726;50;50,013;200;
2023-03-22_13:35:23;SubGoalAStarAgents;Rectangle2014;7;2;3;0;50,0000023748726;50;50,01;200;
2023-03-22_13:36:13;SubGoalAStarAgents;Rectangle2014;7;2;3;0;50,0000023748726;50;49,999;200;
2023-03-22_13:37:13;SubGoalAStarAgents;Rectangle2014;8;0;3;0;60,0000028498471;60;60,007;0;
2023-03-22_13:38:13;SubGoalAStarAgents;Rectangle2014;8;0;3;0;60,0000028498471;60;60,011;0;
2023-03-22_13:39:13;SubGoalAStarAgents;Rectangle2014;8;0;3;0;60,0000028498471;60;60;0;
2023-03-22_13:40:13;SubGoalAStarAgents;Rectangle2014;8;0;3;0;60,0000028498471;60;59,989;0;
2023-03-22_13:41:13;SubGoalAStarAgents;Rectangle2014;8;0;3;0;60,0000028498471;60;60,021;0;
2023-03-22_13:42:13;SubGoalAStarAgents;Rectangle2014;8;0;3;0;60,0000028498471;60;60,008;0;
2023-03-22_13:43:13;SubGoalAStarAgents;Rectangle2014;8;0;3;0;60,0000028498471;60;60,01;0;
2023-03-22_13:44:13;SubGoalAStarAgents;Rectangle2014;8;0;3;0;60,0000028498471;60;60,025;0;
2023-03-22_13:45:13;SubGoalAStarAgents;Rectangle2014;8;0;3;0;60,0000028498471;60;59,975;0;
2023-03-22_13:46:13;SubGoalAStarAgents;Rectangle2014;8;0;3;0;60,0000028498471;60;60,011;0;
2023-03-22_13:46:27;SubGoalAStarAgents;Rectangle2014;9;3;3;1;13,0600006203167;35;13,058;425;
2023-03-22_13:46:39;SubGoalAStarAgents;Rectangle2014;9;3;3;1;12,8500006103422;35;12,85;427;
2023-03-22_13:47:14;SubGoalAStarAgents;Rectangle2014;9;2;3;0;35,0000016624108;35;35,004;200;
2023-03-22_13:47:27;SubGoalAStarAgents;Rectangle2014;9;3;3;1;12,160000577569;35;12,16;431;
2023-03-22_13:47:39;SubGoalAStarAgents;Rectangle2014;9;3;3;1;12,7900006074924;35;12,789;427;
2023-03-22_13:47:52;SubGoalAStarAgents;Rectangle2014;9;3;3;1;12,6600006013177;35;12,66;428;
2023-03-22_13:48:05;SubGoalAStarAgents;Rectangle2014;9;3;3;1;12,570000597043;35;12,572;428;
2023-03-22_13:48:17;SubGoalAStarAgents;Rectangle2014;9;3;3;1;12,5900005979929;35;12,596;428;
2023-03-22_13:48:29;SubGoalAStarAgents;Rectangle2014;9;3;3;1;11,5500005485956;35;11,544;434;
2023-03-22_13:48:40;SubGoalAStarAgents;Rectangle2014;9;3;3;1;11,5500005485956;35;11,538;434;
2023-03-22_13:49:15;SubGoalAStarAgents;Rectangle2014;10;0;3;0;35,0000016624108;35;35,015;0;
2023-03-22_13:49:50;SubGoalAStarAgents;Rectangle2014;10;0;3;0;35,0000016624108;35;35,012;0;
2023-03-22_13:50:25;SubGoalAStarAgents;Rectangle2014;10;0;3;0;35,0000016624108;35;35,005;0;
2023-03-22_13:51:00;SubGoalAStarAgents;Rectangle2014;10;0;3;0;35,0000016624108;35;35,011;0;
2023-03-22_13:51:35;SubGoalAStarAgents;Rectangle2014;10;0;3;0;35,0000016624108;35;34,989;0;
2023-03-22_13:52:10;SubGoalAStarAgents;Rectangle2014;10;0;3;0;35,0000016624108;35;34,997;0;
2023-03-22_13:52:45;SubGoalAStarAgents;Rectangle2014;10;0;3;0;35,0000016624108;35;35,003;0;
2023-03-22_13:53:20;SubGoalAStarAgents;Rectangle2014;10;0;3;0;35,0000016624108;35;34,995;0;
2023-03-22_13:53:55;SubGoalAStarAgents;Rectangle2014;10;0;3;0;35,0000016624108;35;35,011;0;
2023-03-22_13:54:30;SubGoalAStarAgents;Rectangle2014;10;0;3;0;35,0000016624108;35;35,005;0;
